system,cer,wer
dac_baseline,0.8075226375667518,0.8285410010649628
dac_postfilter,0.8082191780821918,0.8285410010649628
