system,condition,pesq_wb,stoi,si_sdr
dac_baseline,noisy,3.7884125471115113,0.9040789742179944,-12.465996253490449
dac_postfilter,noisy,3.788431429862976,0.9040781578550483,-12.465643656253814
