system,pesq_wb,stoi,si_sdr
dac_baseline,3.8386575043201447,0.9509093833027272,-12.148918038606643
dac_postfilter,3.8386585235595705,0.9509096805871124,-12.148393696546554
